{"Hong": 0.2413793103448276, "Guatemala": 0.03614457831325301, "Japan": 0.3493975903614458, "Taiwan": 0.36065573770491804, "None": 0.2558746736292428, "France": 0.35294117647058826, "Poland": 0.17721518987341772, "Nicaragua": 0.06818181818181818, "Yugoslavia": 0.35, "Jamaica": 0.17045454545454544, "Dominican-Republic": 0.043478260869565216, "China": 0.2782608695652174, "Greece": 0.37777777777777777, "England": 0.358974358974359, "Trinadad&Tobago": 0.07692307692307693, "Portugal": 0.14754098360655737, "Outlying-US(Guam-USVI-etc)": 0.05263157894736842, "Peru": 0.09302325581395349, "Scotland": 0.15, "Italy": 0.3333333333333333, "Iran": 0.3333333333333333, "United-States": 0.24413597446679164, "Puerto-Rico": 0.11377245508982035, "Honduras": 0.1, "Ecuador": 0.15384615384615385, "Philippines": 0.2988505747126437, "Hungary": 0.25, "Ireland": 0.36666666666666664, "Vietnam": 0.08571428571428572, "Germany": 0.29444444444444445, "South": 0.18446601941747573, "Haiti": 0.11764705882352941, "Cambodia": 0.30434782608695654, "Laos": 0.09523809523809523, "El-Salvador": 0.08148148148148149, "Holand-Netherlands": 0.0, "Mexico": 0.04834905660377359, "Thailand": 0.14285714285714285, "India": 0.3828125, "Canada": 0.35119047619047616, "Columbia": 0.05194805194805195, "Cuba": 0.248}