{"Philippines": 0.288135593220339, "Honduras": 0.1, "Hungary": 0.3157894736842105, "El-Salvador": 0.07096774193548387, "Taiwan": 0.4, "Greece": 0.3673469387755102, "Hong": 0.26666666666666666, "Germany": 0.2815533980582524, "Haiti": 0.12, "Laos": 0.08695652173913043, "Cuba": 0.2463768115942029, "United-States": 0.24397700310275597, "Iran": 0.3728813559322034, "South": 0.17391304347826086, "Columbia": 0.047058823529411764, "England": 0.3700787401574803, "Puerto-Rico": 0.10869565217391304, "Canada": 0.34615384615384615, "Ecuador": 0.13333333333333333, "Portugal": 0.1791044776119403, "Outlying-US(Guam-USVI-etc)": 0.043478260869565216, "China": 0.29508196721311475, "Thailand": 0.16666666666666666, "Dominican-Republic": 0.04854368932038835, "Yugoslavia": 0.34782608695652173, "Scotland": 0.14285714285714285, "Poland": 0.19540229885057472, "Cambodia": 0.32142857142857145, "Italy": 0.3238095238095238, "France": 0.42105263157894735, "Peru": 0.08695652173913043, "Vietnam": 0.08139534883720931, "Holand-Netherlands": 0.0, "Japan": 0.34782608695652173, "Jamaica": 0.14150943396226415, "Guatemala": 0.03409090909090909, "Ireland": 0.2972972972972973, "Trinadad&Tobago": 0.07407407407407407, "India": 0.4105960264900662, "None": 0.25670945157526254, "Nicaragua": 0.061224489795918366, "Mexico": 0.04942166140904311}