{"Canada": 0.3696876404651158, "Thailand": 0.14547413814075175, "Poland": 0.1838668448470352, "Columbia": 0.06318190214292362, "Ecuador": 0.13960229831640616, "Mexico": 0.04724816653497819, "Hong": 0.29703494732945285, "Taiwan": 0.3372096459588112, "Iran": 0.33223394371656306, "Greece": 0.3628619064432699, "Peru": 0.13301572344298937, "Holand-Netherlands": 0.0, "Ireland": 0.3468260866164557, "Laos": 0.10148189205012305, "Haiti": 0.12722180020397914, "Vietnam": 0.07722178650306456, "United-States": 0.24549153639040822, "Nicaragua": 0.06868662672035884, "Cuba": 0.25129403196675276, "Portugal": 0.14447831590352975, "None": 0.2609650808346112, "Japan": 0.3554881706919767, "France": 0.3468219937888727, "South": 0.18972043286387325, "Hungary": 0.2674959749107903, "El-Salvador": 0.05149748254930718, "Honduras": 0.05569782557623535, "Guatemala": 0.034784675030904814, "Italy": 0.3582705666307704, "Yugoslavia": 0.3175579519672437, "Trinadad&Tobago": 0.05892883921681967, "Jamaica": 0.17139861565397663, "Dominican-Republic": 0.04583742389667849, "Germany": 0.31304316414203365, "China": 0.2950112057310512, "Scotland": 0.19441064722767593, "Cambodia": 0.35964394720632303, "England": 0.3763599226442995, "Philippines": 0.31418243567316795, "Outlying-US(Guam-USVI-etc)": 0.024504238448583338, "India": 0.34980238100603983, "Puerto-Rico": 0.1189197273418817}